[
    {
        "key": "group_slider_destinations",
        "title": "Block: Slider Destinations",
        "fields": [
            {
                "key": "field_destinations_repeater",
                "label": "Destinations",
                "name": "destinations",
                "aria-label": "",
                "type": "repeater",
                "instructions": "",
                "required": false,
                "conditional_logic": false,
                "wrapper": {
                    "width": "",
                    "class": "",
                    "id": ""
                },
                "layout": "row",
                "button_label": "Add Destination",
                "min": 0,
                "max": 0,
                "rows_per_page": 20,
                "collapsed": "",
                "acfe_repeater_stylised_button": 0,
                "sub_fields": [
                    {
                        "key": "field_destination_image",
                        "label": "Image",
                        "name": "image",
                        "aria-label": "",
                        "type": "image",
                        "instructions": "",
                        "required": false,
                        "conditional_logic": false,
                        "wrapper": {
                            "width": "",
                            "class": "",
                            "id": ""
                        },
                        "return_format": "array",
                        "preview_size": "medium",
                        "library": "all",
                        "min_width": 0,
                        "min_height": 0,
                        "min_size": 0,
                        "max_width": 0,
                        "max_height": 0,
                        "max_size": 0,
                        "mime_types": "",
                        "uploader": "",
                        "acfe_thumbnail": 0,
                        "parent_repeater": "field_destinations_repeater"
                    },
                    {
                        "key": "field_destination_title",
                        "label": "Title",
                        "name": "title",
                        "aria-label": "",
                        "type": "text",
                        "instructions": "",
                        "required": false,
                        "conditional_logic": false,
                        "wrapper": {
                            "width": "",
                            "class": "",
                            "id": ""
                        },
                        "default_value": "",
                        "maxlength": "",
                        "placeholder": "",
                        "prepend": "",
                        "append": "",
                        "parent_repeater": "field_destinations_repeater"
                    },
                    {
                        "key": "field_destination_link",
                        "label": "Link",
                        "name": "link",
                        "aria-label": "",
                        "type": "link",
                        "instructions": "",
                        "required": 0,
                        "conditional_logic": false,
                        "wrapper": {
                            "width": "",
                            "class": "",
                            "id": ""
                        },
                        "return_format": "array",
                        "parent_repeater": "field_destinations_repeater"
                    }
                ]
            }
        ],
        "location": [
            [
                {
                    "param": "block",
                    "operator": "==",
                    "value": "nds\/slider-destinations"
                }
            ]
        ],
        "menu_order": 0,
        "position": "normal",
        "style": "default",
        "label_placement": "top",
        "instruction_placement": "label",
        "hide_on_screen": "",
        "active": true,
        "description": "",
        "show_in_rest": 0,
        "display_title": "",
        "acfe_display_title": "",
        "acfe_autosync": [
            "json"
        ],
        "acfe_form": 0,
        "acfe_meta": "",
        "acfe_note": ""
    }
]
