{
    "key": "group_69157a34705e6",
    "title": "Block : Reusable Component",
    "fields": [
        {
            "key": "field_69157a34f46b4",
            "label": "Component",
            "name": "component",
            "aria-label": "",
            "type": "post_object",
            "instructions": "",
            "required": 0,
            "conditional_logic": 0,
            "wrapper": {
                "width": "",
                "class": "",
                "id": ""
            },
            "post_type": [
                "reusable-component"
            ],
            "post_status": [
                "publish"
            ],
            "taxonomy": "",
            "return_format": "id",
            "multiple": 0,
            "save_custom": 0,
            "save_post_status": "publish",
            "acfe_bidirectional": {
                "acfe_bidirectional_enabled": "0"
            },
            "allow_null": 0,
            "allow_in_bindings": 0,
            "bidirectional": 0,
            "ui": 1,
            "bidirectional_target": [],
            "save_post_type": ""
        }
    ],
    "location": [
        [
            {
                "param": "block",
                "operator": "==",
                "value": "nds\/component"
            }
        ]
    ],
    "menu_order": 0,
    "position": "normal",
    "style": "default",
    "label_placement": "left",
    "instruction_placement": "label",
    "hide_on_screen": "",
    "active": true,
    "description": "",
    "show_in_rest": 0,
    "display_title": "",
    "acfe_display_title": "",
    "acfe_autosync": [
        "json"
    ],
    "acfe_form": 0,
    "acfe_meta": "",
    "acfe_note": "",
    "modified": 1763131786
}
