{
    "key": "group_6588fda6eb5e5",
    "title": "Components **DO NOT REMOVE**",
    "fields": [
        {
            "key": "field_6588fda7d1a2b",
            "label": "Buttons",
            "name": "buttons",
            "aria-label": "",
            "type": "group",
            "instructions": "",
            "required": 0,
            "conditional_logic": 0,
            "wrapper": {
                "width": "",
                "class": "",
                "id": ""
            },
            "layout": "block",
            "acfe_seamless_style": 0,
            "acfe_group_modal": 0,
            "acfe_group_modal_close": 0,
            "acfe_group_modal_button": "",
            "acfe_group_modal_size": "large",
            "sub_fields": [
                {
                    "key": "field_6588fe38d1a2c",
                    "label": "Alignment",
                    "name": "alignment",
                    "aria-label": "",
                    "type": "button_group",
                    "instructions": "",
                    "required": 0,
                    "conditional_logic": 0,
                    "wrapper": {
                        "width": "",
                        "class": "",
                        "id": ""
                    },
                    "choices": {
                        "start": "Left",
                        "center": "Center",
                        "right": "Right"
                    },
                    "default_value": "",
                    "return_format": "value",
                    "allow_null": 0,
                    "layout": "horizontal"
                },
                {
                    "key": "field_6588fe5ed1a2d",
                    "label": "Buttons",
                    "name": "buttons",
                    "aria-label": "",
                    "type": "repeater",
                    "instructions": "",
                    "required": 0,
                    "conditional_logic": 0,
                    "wrapper": {
                        "width": "",
                        "class": "",
                        "id": ""
                    },
                    "acfe_repeater_stylised_button": 0,
                    "layout": "block",
                    "pagination": 0,
                    "min": 0,
                    "max": 0,
                    "collapsed": "",
                    "button_label": "Add Button",
                    "rows_per_page": 20,
                    "sub_fields": [
                        {
                            "key": "field_6588fe72d1a2e",
                            "label": "Button",
                            "name": "button",
                            "aria-label": "",
                            "type": "link",
                            "instructions": "",
                            "required": 0,
                            "conditional_logic": 0,
                            "wrapper": {
                                "width": "60",
                                "class": "",
                                "id": ""
                            },
                            "return_format": "array",
                            "parent_repeater": "field_6588fe5ed1a2d"
                        },
                        {
                            "key": "field_6588fe89d1a2f",
                            "label": "Button Style",
                            "name": "button_style",
                            "aria-label": "",
                            "type": "select",
                            "instructions": "",
                            "required": 0,
                            "conditional_logic": 0,
                            "wrapper": {
                                "width": "40",
                                "class": "",
                                "id": ""
                            },
                            "choices": {
                                "Primary": "Primary",
                                "Fill White": "Fill White",
                                "Border Light": "Border Light",
                                "Border Primary": "Border Primary"
                            },
                            "default_value": false,
                            "return_format": "value",
                            "multiple": 0,
                            "allow_custom": 0,
                            "search_placeholder": "",
                            "allow_null": 0,
                            "ui": 1,
                            "ajax": 1,
                            "placeholder": "",
                            "parent_repeater": "field_6588fe5ed1a2d",
                            "create_options": 0,
                            "save_options": 0
                        }
                    ]
                }
            ]
        },
        {
            "key": "field_65893ac6582ad",
            "label": "Background",
            "name": "background",
            "aria-label": "",
            "type": "group",
            "instructions": "",
            "required": 0,
            "conditional_logic": 0,
            "wrapper": {
                "width": "",
                "class": "",
                "id": ""
            },
            "layout": "block",
            "acfe_seamless_style": 0,
            "acfe_group_modal": 0,
            "acfe_group_modal_close": 0,
            "acfe_group_modal_button": "",
            "acfe_group_modal_size": "large",
            "sub_fields": [
                {
                    "key": "field_65893b4b582ae",
                    "label": "Colour",
                    "name": "bg_color",
                    "aria-label": "",
                    "type": "color_picker",
                    "instructions": "",
                    "required": 0,
                    "conditional_logic": 0,
                    "wrapper": {
                        "width": "",
                        "class": "",
                        "id": ""
                    },
                    "default_value": "",
                    "enable_opacity": 0,
                    "return_format": "string",
                    "allow_in_bindings": 1,
                    "show_custom_palette": 1,
                    "custom_palette_source": "themejson",
                    "show_color_wheel": 1,
                    "palette_colors": ""
                },
                {
                    "key": "field_6816f2efb920c",
                    "label": "Desktop",
                    "name": "",
                    "aria-label": "",
                    "type": "tab",
                    "instructions": "",
                    "required": 0,
                    "conditional_logic": 0,
                    "wrapper": {
                        "width": "",
                        "class": "",
                        "id": ""
                    },
                    "placement": "top",
                    "endpoint": 0,
                    "selected": 0
                },
                {
                    "key": "field_65893b5b582af",
                    "label": "Image",
                    "name": "bg_image",
                    "aria-label": "",
                    "type": "image",
                    "instructions": "",
                    "required": 0,
                    "conditional_logic": 0,
                    "wrapper": {
                        "width": "",
                        "class": "",
                        "id": ""
                    },
                    "uploader": "",
                    "return_format": "array",
                    "library": "all",
                    "acfe_thumbnail": 0,
                    "min_width": "",
                    "min_height": "",
                    "min_size": "",
                    "max_width": "",
                    "max_height": "",
                    "max_size": "",
                    "mime_types": "",
                    "allow_in_bindings": 1,
                    "preview_size": "thumbnail"
                },
                {
                    "key": "field_6816f2f9b920d",
                    "label": "Tablet",
                    "name": "",
                    "aria-label": "",
                    "type": "tab",
                    "instructions": "",
                    "required": 0,
                    "conditional_logic": 0,
                    "wrapper": {
                        "width": "",
                        "class": "",
                        "id": ""
                    },
                    "placement": "top",
                    "endpoint": 0,
                    "selected": 0
                },
                {
                    "key": "field_65893b89582b0",
                    "label": "Image (Tablet)",
                    "name": "bg_image_tablet",
                    "aria-label": "",
                    "type": "image",
                    "instructions": "",
                    "required": 0,
                    "conditional_logic": 0,
                    "wrapper": {
                        "width": "",
                        "class": "",
                        "id": ""
                    },
                    "uploader": "",
                    "return_format": "array",
                    "library": "all",
                    "acfe_thumbnail": 0,
                    "min_width": "",
                    "min_height": "",
                    "min_size": "",
                    "max_width": "",
                    "max_height": "",
                    "max_size": "",
                    "mime_types": "",
                    "allow_in_bindings": 1,
                    "preview_size": "thumbnail"
                },
                {
                    "key": "field_6816f304b920e",
                    "label": "Mobile",
                    "name": "",
                    "aria-label": "",
                    "type": "tab",
                    "instructions": "",
                    "required": 0,
                    "conditional_logic": 0,
                    "wrapper": {
                        "width": "",
                        "class": "",
                        "id": ""
                    },
                    "placement": "top",
                    "endpoint": 0,
                    "selected": 0
                },
                {
                    "key": "field_65893b94582b1",
                    "label": "Image (Mobile)",
                    "name": "bg_image_mobile",
                    "aria-label": "",
                    "type": "image",
                    "instructions": "",
                    "required": 0,
                    "conditional_logic": 0,
                    "wrapper": {
                        "width": "",
                        "class": "",
                        "id": ""
                    },
                    "uploader": "",
                    "return_format": "array",
                    "library": "all",
                    "acfe_thumbnail": 0,
                    "min_width": "",
                    "min_height": "",
                    "min_size": "",
                    "max_width": "",
                    "max_height": "",
                    "max_size": "",
                    "mime_types": "",
                    "allow_in_bindings": 1,
                    "preview_size": "thumbnail"
                },
                {
                    "key": "field_6816f34480994",
                    "label": "Background Image Settings",
                    "name": "",
                    "aria-label": "",
                    "type": "tab",
                    "instructions": "",
                    "required": 0,
                    "conditional_logic": 0,
                    "wrapper": {
                        "width": "",
                        "class": "",
                        "id": ""
                    },
                    "placement": "top",
                    "endpoint": 1,
                    "selected": 0
                },
                {
                    "key": "field_65893ba5582b2",
                    "label": "Size",
                    "name": "bg_size",
                    "aria-label": "",
                    "type": "select",
                    "instructions": "",
                    "required": 0,
                    "conditional_logic": 0,
                    "wrapper": {
                        "width": "",
                        "class": "",
                        "id": ""
                    },
                    "choices": {
                        "Auto": "Auto",
                        "Cover": "Cover",
                        "Contain": "Contain",
                        "Custom": "Custom"
                    },
                    "default_value": false,
                    "return_format": "value",
                    "multiple": 0,
                    "allow_custom": 0,
                    "search_placeholder": "",
                    "allow_null": 0,
                    "ui": 1,
                    "ajax": 1,
                    "placeholder": "",
                    "create_options": 0,
                    "save_options": 0
                },
                {
                    "key": "field_65893bcb582b3",
                    "label": "Custom Size",
                    "name": "bg_custom_size",
                    "aria-label": "",
                    "type": "text",
                    "instructions": "",
                    "required": 0,
                    "conditional_logic": [
                        [
                            {
                                "field": "field_65893ba5582b2",
                                "operator": "==",
                                "value": "Custom"
                            }
                        ]
                    ],
                    "wrapper": {
                        "width": "",
                        "class": "",
                        "id": ""
                    },
                    "default_value": "",
                    "maxlength": "",
                    "placeholder": "",
                    "prepend": "",
                    "append": ""
                },
                {
                    "key": "field_65893be6582b4",
                    "label": "Repeat",
                    "name": "bg_repeat",
                    "aria-label": "",
                    "type": "select",
                    "instructions": "",
                    "required": 0,
                    "conditional_logic": 0,
                    "wrapper": {
                        "width": "",
                        "class": "",
                        "id": ""
                    },
                    "choices": {
                        "No Repeat": "No Repeat",
                        "Repeat": "Repeat",
                        "Repeat X": "Repeat X",
                        "Repeat Y": "Repeat Y"
                    },
                    "default_value": false,
                    "return_format": "value",
                    "multiple": 0,
                    "allow_custom": 0,
                    "search_placeholder": "",
                    "allow_null": 0,
                    "ui": 1,
                    "ajax": 1,
                    "placeholder": "",
                    "create_options": 0,
                    "save_options": 0
                },
                {
                    "key": "field_658bbd59b36ad",
                    "label": "Position",
                    "name": "bg_position",
                    "aria-label": "",
                    "type": "select",
                    "instructions": "",
                    "required": 0,
                    "conditional_logic": 0,
                    "wrapper": {
                        "width": "",
                        "class": "",
                        "id": ""
                    },
                    "choices": {
                        "Left Top": "Left Top",
                        "Left Center": "Left Center",
                        "Left Bottom": "Left Bottom",
                        "Center Top": "Center Top",
                        "Center": "Center",
                        "Center Bottom": "Center Bottom",
                        "Right Top": "Right Top",
                        "Right Center": "Right Center",
                        "Right Bottom": "Right Bottom",
                        "Custom": "Custom"
                    },
                    "default_value": false,
                    "return_format": "value",
                    "multiple": 0,
                    "allow_custom": 0,
                    "search_placeholder": "",
                    "allow_null": 0,
                    "ui": 1,
                    "ajax": 1,
                    "placeholder": "",
                    "create_options": 0,
                    "save_options": 0
                },
                {
                    "key": "field_658bbebf1d805",
                    "label": "Custom Position",
                    "name": "bg_custom_position",
                    "aria-label": "",
                    "type": "text",
                    "instructions": "",
                    "required": 0,
                    "conditional_logic": [
                        [
                            {
                                "field": "field_658bbd59b36ad",
                                "operator": "==",
                                "value": "Custom"
                            }
                        ]
                    ],
                    "wrapper": {
                        "width": "",
                        "class": "",
                        "id": ""
                    },
                    "default_value": "",
                    "maxlength": "",
                    "placeholder": "",
                    "prepend": "",
                    "append": ""
                },
                {
                    "key": "field_65893c20582b5",
                    "label": "Overlay",
                    "name": "bg_overlay",
                    "aria-label": "",
                    "type": "color_picker",
                    "instructions": "",
                    "required": 0,
                    "conditional_logic": 0,
                    "wrapper": {
                        "width": "",
                        "class": "",
                        "id": ""
                    },
                    "default_value": "",
                    "enable_opacity": 1,
                    "return_format": "string",
                    "allow_in_bindings": 1,
                    "custom_palette_source": "",
                    "palette_colors": "",
                    "show_color_wheel": true
                },
                {
                    "key": "field_681ee2f6b39fa",
                    "label": "Video",
                    "name": "",
                    "aria-label": "",
                    "type": "tab",
                    "instructions": "",
                    "required": 0,
                    "conditional_logic": 0,
                    "wrapper": {
                        "width": "",
                        "class": "",
                        "id": ""
                    },
                    "placement": "top",
                    "endpoint": 1,
                    "selected": 0
                },
                {
                    "key": "field_681ee471b39fc",
                    "label": "Enable Video Background",
                    "name": "bg_enable_video_background",
                    "aria-label": "",
                    "type": "true_false",
                    "instructions": "",
                    "required": 0,
                    "conditional_logic": 0,
                    "wrapper": {
                        "width": "",
                        "class": "",
                        "id": ""
                    },
                    "message": "",
                    "default_value": 0,
                    "allow_in_bindings": 0,
                    "ui_on_text": "",
                    "ui_off_text": "",
                    "ui": 1
                },
                {
                    "key": "field_681ee490b39fd",
                    "label": "Video Settings",
                    "name": "bg_video",
                    "aria-label": "",
                    "type": "group",
                    "instructions": "Adding a background image is recommended, as it will be used as the poster image.",
                    "required": 0,
                    "conditional_logic": [
                        [
                            {
                                "field": "field_681ee471b39fc",
                                "operator": "==",
                                "value": "1"
                            }
                        ]
                    ],
                    "wrapper": {
                        "width": "",
                        "class": "",
                        "id": ""
                    },
                    "layout": "block",
                    "acfe_seamless_style": 0,
                    "acfe_group_modal": 0,
                    "acfe_group_modal_close": 0,
                    "acfe_group_modal_button": "",
                    "acfe_group_modal_size": "large",
                    "sub_fields": [
                        {
                            "key": "field_681ee303b39fb",
                            "label": "Source",
                            "name": "bg_video_source",
                            "aria-label": "",
                            "type": "true_false",
                            "instructions": "",
                            "required": 0,
                            "conditional_logic": 0,
                            "wrapper": {
                                "width": "",
                                "class": "",
                                "id": ""
                            },
                            "message": "",
                            "default_value": 0,
                            "allow_in_bindings": 0,
                            "ui_on_text": "Youtube",
                            "ui_off_text": "Local",
                            "ui": 1
                        },
                        {
                            "key": "field_681ee8f69ee88",
                            "label": "Video (Local)",
                            "name": "bg_video_local",
                            "aria-label": "",
                            "type": "file",
                            "instructions": "",
                            "required": 0,
                            "conditional_logic": [
                                [
                                    {
                                        "field": "field_681ee303b39fb",
                                        "operator": "!=",
                                        "value": "1"
                                    }
                                ]
                            ],
                            "wrapper": {
                                "width": "",
                                "class": "",
                                "id": ""
                            },
                            "uploader": "",
                            "return_format": "array",
                            "min_size": "",
                            "max_size": "",
                            "mime_types": "mp4, webm",
                            "allow_in_bindings": 0,
                            "library": "all"
                        },
                        {
                            "key": "field_681eee518ca63",
                            "label": "Youtube URL",
                            "name": "bg_youtube_url",
                            "aria-label": "",
                            "type": "url",
                            "instructions": "Please enter the YouTube URL in this format: https:\/\/www.youtube.com\/watch?v=ScMzIvxBSi4. Other formats may not work.",
                            "required": 0,
                            "conditional_logic": [
                                [
                                    {
                                        "field": "field_681ee303b39fb",
                                        "operator": "==",
                                        "value": "1"
                                    }
                                ]
                            ],
                            "wrapper": {
                                "width": "",
                                "class": "",
                                "id": ""
                            },
                            "default_value": "",
                            "allow_in_bindings": 0,
                            "placeholder": ""
                        }
                    ]
                }
            ]
        },
        {
            "key": "field_6589409a63148",
            "label": "Spacing",
            "name": "spacing",
            "aria-label": "",
            "type": "group",
            "instructions": "",
            "required": 0,
            "conditional_logic": 0,
            "wrapper": {
                "width": "",
                "class": "",
                "id": ""
            },
            "layout": "block",
            "acfe_seamless_style": 0,
            "acfe_group_modal": 0,
            "acfe_group_modal_close": 0,
            "acfe_group_modal_button": "",
            "acfe_group_modal_size": "large",
            "sub_fields": [
                {
                    "key": "field_658940a963149",
                    "label": "Desktop",
                    "name": "",
                    "aria-label": "",
                    "type": "tab",
                    "instructions": "",
                    "required": 0,
                    "conditional_logic": 0,
                    "wrapper": {
                        "width": "",
                        "class": "",
                        "id": ""
                    },
                    "placement": "top",
                    "endpoint": 0,
                    "selected": 0
                },
                {
                    "key": "field_658940c96314a",
                    "label": "Margin Top",
                    "name": "dt_margin_top",
                    "aria-label": "",
                    "type": "select",
                    "instructions": "",
                    "required": 0,
                    "conditional_logic": 0,
                    "wrapper": {
                        "width": "",
                        "class": "",
                        "id": ""
                    },
                    "choices": {
                        "none": "None (Default)",
                        "sm": "Small",
                        "md": "Medium",
                        "lg": "Large",
                        "xl": "Extra Large"
                    },
                    "default_value": "none",
                    "return_format": "value",
                    "multiple": 0,
                    "allow_custom": 0,
                    "search_placeholder": "",
                    "allow_null": 0,
                    "allow_in_bindings": 1,
                    "ui": 1,
                    "ajax": 1,
                    "placeholder": "",
                    "create_options": 0,
                    "save_options": 0
                },
                {
                    "key": "field_68171b7e6b4d1",
                    "label": "Margin Bottom",
                    "name": "dt_margin_bottom",
                    "aria-label": "",
                    "type": "select",
                    "instructions": "",
                    "required": 0,
                    "conditional_logic": 0,
                    "wrapper": {
                        "width": "",
                        "class": "",
                        "id": ""
                    },
                    "choices": {
                        "none": "None (Default)",
                        "sm": "Small",
                        "md": "Medium",
                        "lg": "Large",
                        "xl": "Extra Large"
                    },
                    "default_value": "none",
                    "return_format": "value",
                    "multiple": 0,
                    "allow_custom": 0,
                    "search_placeholder": "",
                    "allow_null": 0,
                    "allow_in_bindings": 1,
                    "ui": 1,
                    "ajax": 0,
                    "placeholder": "",
                    "create_options": 0,
                    "save_options": 0
                },
                {
                    "key": "field_68171b8b6b4d2",
                    "label": "Padding Top",
                    "name": "dt_padding_top",
                    "aria-label": "",
                    "type": "select",
                    "instructions": "",
                    "required": 0,
                    "conditional_logic": 0,
                    "wrapper": {
                        "width": "",
                        "class": "",
                        "id": ""
                    },
                    "choices": {
                        "none": "None",
                        "sm": "Small",
                        "md": "Medium (Default)",
                        "lg": "Large",
                        "xl": "Extra Large"
                    },
                    "default_value": "md",
                    "return_format": "value",
                    "multiple": 0,
                    "allow_custom": 0,
                    "search_placeholder": "",
                    "allow_null": 0,
                    "allow_in_bindings": 1,
                    "ui": 1,
                    "ajax": 0,
                    "placeholder": "",
                    "create_options": 0,
                    "save_options": 0
                },
                {
                    "key": "field_68171b936b4d3",
                    "label": "Padding Bottom",
                    "name": "dt_padding_bottom",
                    "aria-label": "",
                    "type": "select",
                    "instructions": "",
                    "required": 0,
                    "conditional_logic": 0,
                    "wrapper": {
                        "width": "",
                        "class": "",
                        "id": ""
                    },
                    "choices": {
                        "none": "None",
                        "sm": "Small",
                        "md": "Medium (Default)",
                        "lg": "Large",
                        "xl": "Extra Large"
                    },
                    "default_value": "md",
                    "return_format": "value",
                    "multiple": 0,
                    "allow_custom": 0,
                    "search_placeholder": "",
                    "allow_null": 0,
                    "allow_in_bindings": 1,
                    "ui": 1,
                    "ajax": 0,
                    "placeholder": "",
                    "create_options": 0,
                    "save_options": 0
                },
                {
                    "key": "field_658941406314c",
                    "label": "Tablet",
                    "name": "",
                    "aria-label": "",
                    "type": "tab",
                    "instructions": "",
                    "required": 0,
                    "conditional_logic": 0,
                    "wrapper": {
                        "width": "",
                        "class": "",
                        "id": ""
                    },
                    "placement": "top",
                    "endpoint": 0,
                    "selected": 0
                },
                {
                    "key": "field_658941476314d",
                    "label": "Margin Top",
                    "name": "tb_margin_top",
                    "aria-label": "",
                    "type": "select",
                    "instructions": "",
                    "required": 0,
                    "conditional_logic": 0,
                    "wrapper": {
                        "width": "",
                        "class": "",
                        "id": ""
                    },
                    "choices": {
                        "inherit": "Inherit (Default)",
                        "none": "None",
                        "sm": "Small",
                        "md": "Medium",
                        "lg": "Large",
                        "xl": "Extra Large"
                    },
                    "default_value": "inherit",
                    "return_format": "value",
                    "multiple": 0,
                    "allow_custom": 0,
                    "search_placeholder": "",
                    "allow_null": 0,
                    "allow_in_bindings": 1,
                    "ui": 1,
                    "ajax": 0,
                    "placeholder": "",
                    "create_options": 0,
                    "save_options": 0
                },
                {
                    "key": "field_68171bb96b4d4",
                    "label": "Margin Bottom",
                    "name": "tb_margin_bottom",
                    "aria-label": "",
                    "type": "select",
                    "instructions": "",
                    "required": 0,
                    "conditional_logic": 0,
                    "wrapper": {
                        "width": "",
                        "class": "",
                        "id": ""
                    },
                    "choices": {
                        "inherit": "Inherit (Default)",
                        "none": "None",
                        "sm": "Small",
                        "md": "Medium",
                        "lg": "Large",
                        "xl": "Extra Large"
                    },
                    "default_value": "inherit",
                    "return_format": "value",
                    "multiple": 0,
                    "allow_custom": 0,
                    "search_placeholder": "",
                    "allow_null": 0,
                    "allow_in_bindings": 1,
                    "ui": 1,
                    "ajax": 0,
                    "placeholder": "",
                    "create_options": 0,
                    "save_options": 0
                },
                {
                    "key": "field_658941526314e",
                    "label": "Padding Top",
                    "name": "tb_padding_top",
                    "aria-label": "",
                    "type": "select",
                    "instructions": "",
                    "required": 0,
                    "conditional_logic": 0,
                    "wrapper": {
                        "width": "",
                        "class": "",
                        "id": ""
                    },
                    "choices": {
                        "inherit": "Inherit (Default)",
                        "none": "None",
                        "sm": "Small",
                        "md": "Medium",
                        "lg": "Large",
                        "xl": "Extra Large"
                    },
                    "default_value": "inherit",
                    "return_format": "value",
                    "multiple": 0,
                    "allow_custom": 0,
                    "search_placeholder": "",
                    "allow_null": 0,
                    "allow_in_bindings": 1,
                    "ui": 1,
                    "ajax": 0,
                    "placeholder": "",
                    "create_options": 0,
                    "save_options": 0
                },
                {
                    "key": "field_68171bc96b4d5",
                    "label": "Padding Bottom",
                    "name": "tb_padding_bottom",
                    "aria-label": "",
                    "type": "select",
                    "instructions": "",
                    "required": 0,
                    "conditional_logic": 0,
                    "wrapper": {
                        "width": "",
                        "class": "",
                        "id": ""
                    },
                    "choices": {
                        "inherit": "Inherit (Default)",
                        "none": "None",
                        "sm": "Small",
                        "md": "Medium",
                        "lg": "Large",
                        "xl": "Extra Large"
                    },
                    "default_value": "inherit",
                    "return_format": "value",
                    "multiple": 0,
                    "allow_custom": 0,
                    "search_placeholder": "",
                    "allow_null": 0,
                    "allow_in_bindings": 1,
                    "ui": 1,
                    "ajax": 0,
                    "placeholder": "",
                    "create_options": 0,
                    "save_options": 0
                },
                {
                    "key": "field_658941606314f",
                    "label": "Mobile",
                    "name": "",
                    "aria-label": "",
                    "type": "tab",
                    "instructions": "",
                    "required": 0,
                    "conditional_logic": 0,
                    "wrapper": {
                        "width": "",
                        "class": "",
                        "id": ""
                    },
                    "placement": "top",
                    "endpoint": 0,
                    "selected": 0
                },
                {
                    "key": "field_68171bd36b4d6",
                    "label": "Margin Top",
                    "name": "mb_margin_top",
                    "aria-label": "",
                    "type": "select",
                    "instructions": "",
                    "required": 0,
                    "conditional_logic": 0,
                    "wrapper": {
                        "width": "",
                        "class": "",
                        "id": ""
                    },
                    "choices": {
                        "inherit": "Inherit (Default)",
                        "none": "None",
                        "sm": "Small",
                        "md": "Medium",
                        "lg": "Large",
                        "xl": "Extra Large"
                    },
                    "default_value": "inherit",
                    "return_format": "value",
                    "multiple": 0,
                    "allow_custom": 0,
                    "search_placeholder": "",
                    "allow_null": 0,
                    "allow_in_bindings": 1,
                    "ui": 1,
                    "ajax": 0,
                    "placeholder": "",
                    "create_options": 0,
                    "save_options": 0
                },
                {
                    "key": "field_6589416963150",
                    "label": "Margin Bottom",
                    "name": "mb_margin_bottom",
                    "aria-label": "",
                    "type": "select",
                    "instructions": "",
                    "required": 0,
                    "conditional_logic": 0,
                    "wrapper": {
                        "width": "",
                        "class": "",
                        "id": ""
                    },
                    "choices": {
                        "inherit": "Inherit (Default)",
                        "none": "None",
                        "sm": "Small",
                        "md": "Medium",
                        "lg": "Large",
                        "xl": "Extra Large"
                    },
                    "default_value": "inherit",
                    "return_format": "value",
                    "multiple": 0,
                    "allow_custom": 0,
                    "search_placeholder": "",
                    "allow_null": 0,
                    "allow_in_bindings": 1,
                    "ui": 1,
                    "ajax": 0,
                    "placeholder": "",
                    "create_options": 0,
                    "save_options": 0
                },
                {
                    "key": "field_6589417c63151",
                    "label": "Padding Top",
                    "name": "mb_padding_top",
                    "aria-label": "",
                    "type": "select",
                    "instructions": "",
                    "required": 0,
                    "conditional_logic": 0,
                    "wrapper": {
                        "width": "",
                        "class": "",
                        "id": ""
                    },
                    "choices": {
                        "inherit": "Inherit (Default)",
                        "none": "None",
                        "sm": "Small",
                        "md": "Medium",
                        "lg": "Large",
                        "xl": "Extra Large"
                    },
                    "default_value": "inherit",
                    "return_format": "value",
                    "multiple": 0,
                    "allow_custom": 0,
                    "search_placeholder": "",
                    "allow_null": 0,
                    "allow_in_bindings": 1,
                    "ui": 1,
                    "ajax": 0,
                    "placeholder": "",
                    "create_options": 0,
                    "save_options": 0
                },
                {
                    "key": "field_68171c176b4d7",
                    "label": "Padding Bottom",
                    "name": "mb_padding_bottom",
                    "aria-label": "",
                    "type": "select",
                    "instructions": "",
                    "required": 0,
                    "conditional_logic": 0,
                    "wrapper": {
                        "width": "",
                        "class": "",
                        "id": ""
                    },
                    "choices": {
                        "inherit": "Inherit (Default)",
                        "none": "None",
                        "sm": "Small",
                        "md": "Medium",
                        "lg": "Large",
                        "xl": "Extra Large"
                    },
                    "default_value": "inherit",
                    "return_format": "value",
                    "multiple": 0,
                    "allow_custom": 0,
                    "search_placeholder": "",
                    "allow_null": 0,
                    "allow_in_bindings": 1,
                    "ui": 1,
                    "ajax": 0,
                    "placeholder": "",
                    "create_options": 0,
                    "save_options": 0
                }
            ]
        }
    ],
    "location": [
        [
            {
                "param": "post_type",
                "operator": "==",
                "value": "post"
            }
        ]
    ],
    "menu_order": 0,
    "position": "normal",
    "style": "default",
    "label_placement": "left",
    "instruction_placement": "label",
    "hide_on_screen": "",
    "active": false,
    "description": "",
    "show_in_rest": 0,
    "display_title": "",
    "acfe_display_title": "",
    "acfe_autosync": [
        "json"
    ],
    "acfe_form": 0,
    "acfe_meta": "",
    "acfe_note": "",
    "modified": 1763131786
}
