{
    "key": "group_658bceb471775",
    "title": "Block: Container",
    "fields": [
        {
            "key": "field_658bceb4eca53",
            "label": "Background",
            "name": "",
            "aria-label": "",
            "type": "accordion",
            "instructions": "",
            "required": 0,
            "conditional_logic": 0,
            "wrapper": {
                "width": "",
                "class": "",
                "id": ""
            },
            "open": 0,
            "multi_expand": 0,
            "endpoint": 0
        },
        {
            "key": "field_658bcecaeca54",
            "label": "Background",
            "name": "background",
            "aria-label": "",
            "type": "clone",
            "instructions": "",
            "required": 0,
            "conditional_logic": 0,
            "wrapper": {
                "width": "",
                "class": "",
                "id": ""
            },
            "clone": [
                "field_65893ac6582ad"
            ],
            "display": "seamless",
            "layout": "block",
            "prefix_label": 0,
            "prefix_name": 1,
            "acfe_seamless_style": 0,
            "acfe_clone_modal": 0,
            "acfe_clone_modal_close": 0,
            "acfe_clone_modal_button": "",
            "acfe_clone_modal_size": "large"
        },
        {
            "key": "field_658bcedfeca55",
            "label": "Settings",
            "name": "",
            "aria-label": "",
            "type": "accordion",
            "instructions": "",
            "required": 0,
            "conditional_logic": 0,
            "wrapper": {
                "width": "",
                "class": "",
                "id": ""
            },
            "open": 0,
            "multi_expand": 0,
            "endpoint": 0
        },
        {
            "key": "field_658bcee6eca56",
            "label": "Container Size",
            "name": "container_size",
            "aria-label": "",
            "type": "select",
            "instructions": "",
            "required": 0,
            "conditional_logic": 0,
            "wrapper": {
                "width": "",
                "class": "",
                "id": ""
            },
            "choices": {
                "Boxed": "Boxed",
                "Full Width": "Full Width",
                "Custom": "Custom"
            },
            "default_value": false,
            "return_format": "value",
            "multiple": 0,
            "allow_null": 0,
            "ui": 1,
            "ajax": 1,
            "placeholder": "",
            "allow_custom": 0,
            "search_placeholder": "",
            "create_options": 0,
            "save_options": 0
        },
        {
            "key": "field_658bcf3beca57",
            "label": "Custom Container Size",
            "name": "custom_container_size",
            "aria-label": "",
            "type": "text",
            "instructions": "Include the unit.",
            "required": 0,
            "conditional_logic": [
                [
                    {
                        "field": "field_658bcee6eca56",
                        "operator": "==",
                        "value": "Custom"
                    }
                ]
            ],
            "wrapper": {
                "width": "",
                "class": "",
                "id": ""
            },
            "default_value": "",
            "maxlength": "",
            "placeholder": "",
            "prepend": "",
            "append": ""
        },
        {
            "key": "field_658bd1a5eca58",
            "label": "Spacing",
            "name": "spacing",
            "aria-label": "",
            "type": "clone",
            "instructions": "",
            "required": 0,
            "conditional_logic": 0,
            "wrapper": {
                "width": "",
                "class": "",
                "id": ""
            },
            "clone": [
                "field_6589409a63148"
            ],
            "display": "seamless",
            "layout": "block",
            "prefix_label": 0,
            "prefix_name": 1,
            "acfe_seamless_style": 0,
            "acfe_clone_modal": 0,
            "acfe_clone_modal_close": 0,
            "acfe_clone_modal_button": "",
            "acfe_clone_modal_size": "large"
        },
        {
            "key": "field_658bd1b8eca59",
            "label": "Alignment",
            "name": "alignment",
            "aria-label": "",
            "type": "select",
            "instructions": "",
            "required": 0,
            "conditional_logic": 0,
            "wrapper": {
                "width": "",
                "class": "",
                "id": ""
            },
            "choices": {
                "Start": "Start",
                "Center": "Center",
                "End": "End",
                "Baseline": "Baseline",
                "Stretch": "Stretch"
            },
            "default_value": false,
            "return_format": "value",
            "multiple": 0,
            "allow_custom": 0,
            "search_placeholder": "",
            "allow_null": 0,
            "ui": 1,
            "ajax": 1,
            "placeholder": "",
            "create_options": 0,
            "save_options": 0
        },
        {
            "key": "field_658bd1e0eca5a",
            "label": "Justify",
            "name": "justify",
            "aria-label": "",
            "type": "select",
            "instructions": "",
            "required": 0,
            "conditional_logic": 0,
            "wrapper": {
                "width": "",
                "class": "",
                "id": ""
            },
            "choices": {
                "Normal": "Normal",
                "Start": "Start",
                "Center": "Center",
                "End": "End",
                "Between": "Between",
                "Around": "Around",
                "Evenly": "Evenly",
                "Stretch": "Stretch"
            },
            "default_value": false,
            "return_format": "value",
            "multiple": 0,
            "allow_custom": 0,
            "search_placeholder": "",
            "allow_null": 0,
            "ui": 1,
            "ajax": 1,
            "placeholder": "",
            "create_options": 0,
            "save_options": 0
        },
        {
            "key": "field_65963a26fdfb3",
            "label": "Columns Gap",
            "name": "columns_gap",
            "aria-label": "",
            "type": "text",
            "instructions": "Include the unit. Only works on desktop.",
            "required": 0,
            "conditional_logic": 0,
            "wrapper": {
                "width": "",
                "class": "",
                "id": ""
            },
            "default_value": "",
            "maxlength": "",
            "placeholder": "",
            "prepend": "",
            "append": ""
        }
    ],
    "location": [
        [
            {
                "param": "block",
                "operator": "==",
                "value": "nds\/container"
            }
        ]
    ],
    "menu_order": 0,
    "position": "normal",
    "style": "default",
    "label_placement": "left",
    "instruction_placement": "label",
    "hide_on_screen": "",
    "active": true,
    "description": "",
    "show_in_rest": 0,
    "display_title": "",
    "acfe_display_title": "",
    "acfe_autosync": [
        "json"
    ],
    "acfe_form": 0,
    "acfe_meta": "",
    "acfe_note": "",
    "modified": 1763131786
}
