{
  "key": "group_hero_carousel",
  "title": "Hero Carousel",
  "fields": [
    {
      "key": "field_slides",
      "label": "Slides",
      "name": "slides",
      "type": "repeater",
      "button_label": "Add Slide",
      "sub_fields": [
        {
          "key": "field_post",
          "label": "Property",
          "name": "property",
          "type": "post_object",
          "post_type": [
            "property"
          ],
          "ui": 1,
          "return_format": "object"
        },
        {
          "key": "field_featured",
          "label": "Featured?",
          "name": "featured",
          "type": "true_false",
          "ui": 1
        }
      ]
    }
  ],
  "location": [
    [
      {
        "param": "block",
        "operator": "==",
        "value": "nds/hero-carousel"
      }
    ]
  ]
}
