{
    "key": "post_type_6916ca4b2092c",
    "title": "Properties",
    "menu_order": 0,
    "active": true,
    "post_type": "property",
    "advanced_configuration": true,
    "import_source": "",
    "import_date": "",
    "labels": {
        "name": "Properties",
        "singular_name": "Property",
        "menu_name": "Properties",
        "all_items": "All Properties",
        "edit_item": "Edit Property",
        "view_item": "View Property",
        "view_items": "View Properties",
        "add_new_item": "Add New Property",
        "add_new": "Add New Property",
        "new_item": "New Property",
        "parent_item_colon": "Parent Property:",
        "search_items": "Search Properties",
        "not_found": "No properties found",
        "not_found_in_trash": "No properties found in Trash",
        "archives": "Property Archives",
        "attributes": "Property Attributes",
        "featured_image": "",
        "set_featured_image": "",
        "remove_featured_image": "",
        "use_featured_image": "",
        "insert_into_item": "Insert into property",
        "uploaded_to_this_item": "Uploaded to this property",
        "filter_items_list": "Filter properties list",
        "filter_by_date": "Filter properties by date",
        "items_list_navigation": "Properties list navigation",
        "items_list": "Properties list",
        "item_published": "Property published.",
        "item_published_privately": "Property published privately.",
        "item_reverted_to_draft": "Property reverted to draft.",
        "item_scheduled": "Property scheduled.",
        "item_updated": "Property updated.",
        "item_link": "Property Link",
        "item_link_description": "A link to a property."
    },
    "description": "",
    "public": true,
    "hierarchical": false,
    "exclude_from_search": false,
    "publicly_queryable": true,
    "show_ui": true,
    "show_in_menu": true,
    "admin_menu_parent": "",
    "show_in_admin_bar": true,
    "show_in_nav_menus": true,
    "show_in_rest": true,
    "rest_base": "",
    "rest_namespace": "wp\/v2",
    "rest_controller_class": "WP_REST_Posts_Controller",
    "menu_position": "",
    "menu_icon": {
        "type": "dashicons",
        "value": "dashicons-admin-post"
    },
    "rename_capabilities": false,
    "singular_capability_name": "post",
    "plural_capability_name": "posts",
    "supports": [
        "title",
        "revisions",
        "thumbnail"
    ],
    "taxonomies": "",
    "has_archive": false,
    "has_archive_slug": "",
    "rewrite": {
        "permalink_rewrite": "post_type_key",
        "with_front": "1",
        "feeds": "0",
        "pages": "1"
    },
    "query_var": "post_type_key",
    "query_var_name": "",
    "can_export": true,
    "delete_with_user": false,
    "register_meta_box_cb": "",
    "enter_title_here": "",
    "modified": 1763384894
}
