{
    "key": "post_type_69154295a5094",
    "title": "Reusable Components",
    "menu_order": 0,
    "active": true,
    "post_type": "reusable-component",
    "advanced_configuration": true,
    "import_source": "",
    "import_date": "",
    "labels": {
        "name": "Reusable Components",
        "singular_name": "Reusable Component",
        "menu_name": "Reusable Components",
        "all_items": "All Reusable Components",
        "edit_item": "Edit Reusable Component",
        "view_item": "View Reusable Component",
        "view_items": "View Reusable Components",
        "add_new_item": "Add New Reusable Component",
        "add_new": "Add New Reusable Component",
        "new_item": "New Reusable Component",
        "parent_item_colon": "Parent Reusable Component:",
        "search_items": "Search Reusable Components",
        "not_found": "No reusable components found",
        "not_found_in_trash": "No reusable components found in Trash",
        "archives": "Reusable Component Archives",
        "attributes": "Reusable Component Attributes",
        "featured_image": "",
        "set_featured_image": "",
        "remove_featured_image": "",
        "use_featured_image": "",
        "insert_into_item": "Insert into reusable component",
        "uploaded_to_this_item": "Uploaded to this reusable component",
        "filter_items_list": "Filter reusable components list",
        "filter_by_date": "Filter reusable components by date",
        "items_list_navigation": "Reusable Components list navigation",
        "items_list": "Reusable Components list",
        "item_published": "Reusable Component published.",
        "item_published_privately": "Reusable Component published privately.",
        "item_reverted_to_draft": "Reusable Component reverted to draft.",
        "item_scheduled": "Reusable Component scheduled.",
        "item_updated": "Reusable Component updated.",
        "item_link": "Reusable Component Link",
        "item_link_description": "A link to a reusable component."
    },
    "description": "",
    "public": true,
    "hierarchical": false,
    "exclude_from_search": false,
    "publicly_queryable": false,
    "show_ui": true,
    "show_in_menu": true,
    "admin_menu_parent": "",
    "show_in_admin_bar": true,
    "show_in_nav_menus": false,
    "show_in_rest": true,
    "rest_base": "",
    "rest_namespace": "wp\/v2",
    "rest_controller_class": "WP_REST_Posts_Controller",
    "menu_position": 25,
    "menu_icon": {
        "type": "dashicons",
        "value": "dashicons-layout"
    },
    "rename_capabilities": false,
    "singular_capability_name": "post",
    "plural_capability_name": "posts",
    "supports": [
        "title",
        "editor",
        "revisions"
    ],
    "taxonomies": "",
    "has_archive": false,
    "has_archive_slug": "",
    "rewrite": {
        "permalink_rewrite": "post_type_key",
        "with_front": "0",
        "feeds": "0",
        "pages": "0"
    },
    "query_var": "post_type_key",
    "query_var_name": "",
    "can_export": true,
    "delete_with_user": false,
    "register_meta_box_cb": "",
    "enter_title_here": "",
    "modified": 1763131787
}
