{
    "key": "taxonomy_property_categories",
    "title": "Property Categories",
    "menu_order": 0,
    "active": true,
    "taxonomy": "property-category",
    "object_type": [
        "property"
    ],
    "advanced_configuration": 1,
    "import_source": "",
    "import_date": "",
    "labels": {
        "name": "Property Categories",
        "singular_name": "Property Category",
        "menu_name": "Property Categories",
        "all_items": "All Property Categories",
        "edit_item": "Edit Property Category",
        "view_item": "View Property Category",
        "update_item": "Update Property Category",
        "add_new_item": "Add New Property Category",
        "new_item_name": "New Property Category Name",
        "search_items": "Search Property Categories",
        "popular_items": "Popular Property Categories",
        "separate_items_with_commas": "Separate property categories with commas",
        "add_or_remove_items": "Add or remove property categories",
        "choose_from_most_used": "Choose from the most used property categories",
        "most_used": "",
        "not_found": "No property categories found",
        "no_terms": "No property categories",
        "name_field_description": "",
        "slug_field_description": "",
        "desc_field_description": "",
        "items_list_navigation": "Property categories list navigation",
        "items_list": "Property categories list",
        "back_to_items": "← Go to property categories",
        "item_link": "Property Category Link",
        "item_link_description": "A link to a property category"
    },
    "description": "",
    "capabilities": {
        "manage_terms": "manage_categories",
        "edit_terms": "manage_categories",
        "delete_terms": "manage_categories",
        "assign_terms": "edit_posts"
    },
    "public": 1,
    "publicly_queryable": 1,
    "hierarchical": 0,
    "show_ui": 1,
    "show_in_menu": 1,
    "show_in_nav_menus": 1,
    "show_in_rest": 1,
    "rest_base": "",
    "rest_namespace": "wp/v2",
    "rest_controller_class": "WP_REST_Terms_Controller",
    "show_tagcloud": 1,
    "show_in_quick_edit": 1,
    "show_admin_column": 1,
    "rewrite": {
        "permalink_rewrite": "property-category",
        "with_front": "1",
        "rewrite_hierarchical": "0"
    },
    "query_var": "property_category",
    "query_var_name": "",
    "default_term": {
        "default_term_enabled": "0"
    },
    "sort": 0,
    "meta_box": "default",
    "meta_box_cb": "",
    "meta_box_sanitize_cb": "",
    "modified": 1761703822
}
